{"geotransform": [73.55708304727315, 0.0083333333, 0.0, 53.56624996993054, 0.0, -0.0083333333], "projection": "GEOGCS[\"WGS 84\",DATUM[\"WGS_1984\",SPHEROID[\"WGS 84\",6378137,298.257223563,AUTHORITY[\"EPSG\",\"7030\"]],AUTHORITY[\"EPSG\",\"6326\"]],PRIMEM[\"Greenwich\",0,AUTHORITY[\"EPSG\",\"8901\"]],UNIT[\"degree\",0.0174532925199433,AUTHORITY[\"EPSG\",\"9122\"]],AXIS[\"Latitude\",NORTH],AXIS[\"Longitude\",EAST],AUTHORITY[\"EPSG\",\"4326\"]]", "x_min": 73.56124971392313, "x_max": 134.76958280242314, "y_min": 16.03708345338054, "y_max": 53.56208330328054, "z_min": 0.0, "z_max": 366587.375}