{"geotransform": [-8.676249966263896, 0.0083333333, 0.0, 37.09958337715281, 0.0, -0.0083333333], "projection": "GEOGCS[\"WGS 84\",DATUM[\"WGS_1984\",SPHEROID[\"WGS 84\",6378137,298.257223563,AUTHORITY[\"EPSG\",\"7030\"]],AUTHORITY[\"EPSG\",\"6326\"]],PRIMEM[\"Greenwich\",0,AUTHORITY[\"EPSG\",\"8901\"]],UNIT[\"degree\",0.0174532925199433,AUTHORITY[\"EPSG\",\"9122\"]],AXIS[\"Latitude\",NORTH],AXIS[\"Longitude\",EAST],AUTHORITY[\"EPSG\",\"4326\"]]", "x_min": -8.672083299613895, "x_max": 11.977916617786107, "y_min": 18.970416783002808, "y_max": 37.09541671050281, "z_min": 0.0016792009118944, "z_max": 55834.49609375}