{"geotransform": [8.073749968597241, 0.0083333333, 0.0, 57.75791661778848, 0.0, -0.0083333333], "projection": "GEOGCS[\"WGS 84\",DATUM[\"WGS_1984\",SPHEROID[\"WGS 84\",6378137,298.257223563,AUTHORITY[\"EPSG\",\"7030\"]],AUTHORITY[\"EPSG\",\"6326\"]],PRIMEM[\"Greenwich\",0,AUTHORITY[\"EPSG\",\"8901\"]],UNIT[\"degree\",0.0174532925199433,AUTHORITY[\"EPSG\",\"9122\"]],AXIS[\"Latitude\",NORTH],AXIS[\"Longitude\",EAST],AUTHORITY[\"EPSG\",\"4326\"]]", "x_min": 8.077916635247242, "x_max": 15.19458327344724, "y_min": 54.56208329723848, "y_max": 57.75374995113848, "z_min": 0.0413174033164978, "z_max": 39023.27734375}