{"geotransform": [-5.151249979972164, 0.0083333333, 0.0, 51.09124998103633, 0.0, -0.0083333333], "projection": "GEOGCS[\"WGS 84\",DATUM[\"WGS_1984\",SPHEROID[\"WGS 84\",6378137,298.257223563,AUTHORITY[\"EPSG\",\"7030\"]],AUTHORITY[\"EPSG\",\"6326\"]],PRIMEM[\"Greenwich\",0,AUTHORITY[\"EPSG\",\"8901\"]],UNIT[\"degree\",0.0174532925199433,AUTHORITY[\"EPSG\",\"9122\"]],AXIS[\"Latitude\",NORTH],AXIS[\"Longitude\",EAST],AUTHORITY[\"EPSG\",\"4326\"]]", "x_min": -5.147083313322164, "x_max": 9.561249961177836, "y_min": 41.337083353386326, "y_max": 51.08708331438633, "z_min": 0.0, "z_max": 51974.07421875}