{"geotransform": [87.74874965875003, 0.0083333333, 0.0, 52.15791664291666, 0.0, -0.0083333333], "projection": "GEOGCS[\"WGS 84\",DATUM[\"WGS_1984\",SPHEROID[\"WGS 84\",6378137,298.257223563,AUTHORITY[\"EPSG\",\"7030\"]],AUTHORITY[\"EPSG\",\"6326\"]],PRIMEM[\"Greenwich\",0,AUTHORITY[\"EPSG\",\"8901\"]],UNIT[\"degree\",0.0174532925199433,AUTHORITY[\"EPSG\",\"9122\"]],AXIS[\"Latitude\",NORTH],AXIS[\"Longitude\",EAST],AUTHORITY[\"EPSG\",\"4326\"]]", "x_min": 87.75291632540002, "x_max": 119.91958286340002, "y_min": 41.57875001856666, "y_max": 52.15374997626665, "z_min": 0.0, "z_max": 11508.685546875}