{"geotransform": [-141.00124945166664, 0.0083333333, 0.0, 83.1412498372222, 0.0, -0.0083333333], "projection": "GEOGCS[\"WGS 84\",DATUM[\"WGS_1984\",SPHEROID[\"WGS 84\",6378137,298.257223563,AUTHORITY[\"EPSG\",\"7030\"]],AUTHORITY[\"EPSG\",\"6326\"]],PRIMEM[\"Greenwich\",0,AUTHORITY[\"EPSG\",\"8901\"]],UNIT[\"degree\",0.0174532925199433,AUTHORITY[\"EPSG\",\"9122\"]],AXIS[\"Latitude\",NORTH],AXIS[\"Longitude\",EAST],AUTHORITY[\"EPSG\",\"4326\"]]", "x_min": -140.99708278501663, "x_max": -52.62208313851663, "y_min": 41.68708333637221, "y_max": 83.13708317057221, "z_min": 0.0, "z_max": 32292.919921875}